Time,Vehicle,FromLat,FromLng,ToLat,ToLng
0.0,1.0,46.864806,-96.867566,46.864806,-96.867566
